№,Что проверяем,Категория,Папка,Тестовый уровень,Все уровни 1-600,Количество на тестовом уровне,"Файл(ы), которые положить",Что должно произойти,Статус
1,blue,Обычные тайлы,common,1,"1, 2, 3, 4, 5, 6, 7, 8, 9, 10, 11, 12, 13, 14, 15, 16, 17, 18, 19, 20, 21, 22, 23, 24, 25, 26, 27, 28, 29, 30, 31, 32, 33, 34, 35, 36, 37, 38, 39, 40, 41, 42, 43, 44, 45, 46, 47, 48, 49, 50, 51, 52, 53, 54, 55, 56, 57, 58, 59, 60, 61, 62, 63, 64, 65, 66, 67, 68, 69, 70, 71, 72, 73, 74, 75, 76, 77, 78, 79, 80, 81, 82, 83, 84, 85, 86, 87, 88, 89, 90, 91, 92, 93, 94, 95, 96, 97, 98, 99, 101, 102, 103, 104, 105, 106, 107, 108, 109, 110, 111, 112, 113, 114, 115, 116, 117, 118, 119, 121, 122, 123, 124, 125, 126, 127, 128, 129, 130, 131, 132, 133, 134, 135, 136, 137, 138, 139, 141, 142, 143, 144, 145, 146, 147, 148, 149, 150, 151, 152, 153, 154, 155, 156, 157, 158, 159, 160, 161, 162, 163, 164, 165, 166, 167, 168, 169, 170, 171, 172, 173, 174, 175, 176, 177, 178, 179, 181, 182, 183, 185, 186, 187, 188, 189, 190, 191, 192, 193, 194, 195, 196, 197, 198, 199, 200, 201, 202, 203, 204, 205, 206, 207, 208, 209, 210, 211, 212, 213, 214, 215, 216, 217, 218, 219, 220, 221, 222, 223, 224, 225, 226, 228, 229, 230, 231, 232, 233, 234, 235, 236, 237, 238, 239, 240, 241, 242, 243, 244, 245, 246, 247, 248, 249, 250, 251, 252, 253, 254, 255, 256, 257, 258, 259, 260, 261, 262, 263, 264, 265, 266, 267, 268, 269, 270, 271, 272, 273, 274, 275, 276, 277, 278, 279, 280, 281, 282, 283, 284, 285, 286, 287, 288, 289, 290, 291, 292, 293, 294, 295, 296, 297, 298, 299, 300, 301, 302, 303, 304, 306, 307, 308, 309, 310, 311, 312, 313, 314, 315, 316, 317, 318, 319, 321, 322, 323, 324, 325, 326, 327, 328, 329, 330, 331, 332, 333, 334, 335, 336, 337, 338, 339, 341, 342, 343, 344, 345, 346, 347, 348, 349, 350, 351, 352, 353, 354, 355, 356, 357, 358, 361, 362, 363, 364, 365, 366, 367, 368, 369, 370, 371, 373, 374, 375, 376, 377, 378, 379, 380, 381, 382, 383, 384, 385, 386, 387, 388, 389, 390, 391, 392, 393, 394, 395, 396, 397, 398, 399, 400, 401, 402, 404, 405, 406, 407, 408, 409, 410, 411, 412, 413, 414, 415, 416, 417, 418, 419, 421, 422, 423, 424, 425, 426, 427, 428, 429, 430, 431, 432, 433, 434, 435, 436, 437, 438, 439, 440, 441, 442, 443, 444, 445, 446, 447, 448, 449, 450, 451, 452, 453, 454, 455, 456, 457, 458, 459, 460, 461, 462, 463, 464, 465, 466, 467, 468, 469, 470, 471, 472, 473, 474, 475, 476, 477, 478, 479, 480, 481, 482, 483, 484, 485, 486, 487, 488, 489, 490, 491, 492, 493, 494, 495, 496, 497, 498, 499, 500, 501, 502, 503, 504, 505, 506, 507, 508, 509, 510, 511, 512, 513, 514, 515, 516, 517, 518, 519, 520, 521, 522, 523, 524, 525, 526, 527, 528, 529, 530, 531, 532, 533, 534, 535, 536, 538, 539, 541, 542, 543, 544, 546, 547, 548, 549, 550, 551, 552, 553, 554, 555, 556, 557, 558, 560, 561, 562, 563, 564, 565, 567, 568, 569, 570, 571, 572, 573, 574, 575, 576, 577, 578, 579, 580, 581, 582, 583, 584, 585, 586, 587, 588, 589, 590, 591, 592, 593, 594, 595, 596, 597, 598, 599, 600",1,common/blue.png,Обычные тайлы 'blue' должны использовать внешний PNG.,[ ]
2,green,Обычные тайлы,common,1,"1, 2, 3, 4, 5, 6, 7, 8, 9, 10, 11, 12, 13, 14, 15, 16, 17, 18, 19, 20, 21, 22, 23, 24, 25, 26, 27, 28, 29, 30, 31, 32, 33, 34, 35, 36, 37, 38, 39, 40, 41, 42, 43, 44, 45, 47, 48, 49, 50, 51, 52, 53, 54, 55, 56, 57, 58, 59, 60, 61, 62, 63, 64, 65, 66, 67, 68, 69, 70, 71, 72, 73, 74, 75, 76, 77, 78, 79, 81, 82, 83, 84, 85, 86, 87, 88, 89, 90, 91, 92, 93, 94, 95, 96, 97, 98, 101, 102, 103, 104, 105, 106, 107, 108, 109, 110, 111, 112, 113, 114, 115, 116, 117, 118, 119, 120, 121, 122, 123, 124, 125, 126, 127, 128, 129, 130, 131, 132, 133, 134, 135, 136, 137, 138, 139, 140, 141, 143, 144, 145, 146, 147, 148, 149, 150, 151, 152, 153, 154, 155, 156, 157, 158, 159, 160, 161, 162, 163, 164, 165, 166, 167, 168, 169, 170, 171, 172, 173, 174, 175, 176, 177, 178, 179, 180, 181, 182, 183, 184, 185, 186, 187, 188, 189, 190, 191, 192, 193, 194, 195, 196, 197, 198, 199, 201, 202, 203, 204, 205, 206, 207, 208, 209, 210, 211, 212, 213, 214, 215, 216, 217, 218, 219, 220, 221, 222, 223, 224, 225, 226, 227, 228, 229, 230, 231, 232, 233, 234, 235, 236, 237, 238, 239, 240, 241, 242, 243, 244, 245, 246, 247, 248, 249, 250, 251, 252, 253, 254, 255, 256, 257, 258, 259, 260, 261, 262, 263, 264, 265, 266, 267, 268, 269, 270, 271, 272, 273, 274, 275, 276, 277, 278, 279, 280, 281, 282, 283, 284, 285, 286, 287, 288, 289, 290, 291, 292, 293, 294, 295, 296, 297, 298, 299, 301, 302, 303, 304, 305, 306, 307, 308, 309, 310, 311, 312, 313, 314, 315, 316, 317, 318, 319, 320, 321, 322, 323, 324, 325, 326, 327, 328, 329, 330, 331, 332, 333, 334, 335, 336, 337, 338, 339, 341, 342, 343, 344, 345, 346, 347, 348, 349, 350, 351, 352, 353, 354, 355, 356, 357, 358, 361, 362, 363, 364, 365, 366, 367, 368, 369, 370, 371, 372, 373, 374, 375, 376, 377, 379, 381, 382, 383, 384, 385, 386, 387, 388, 389, 390, 392, 393, 394, 395, 396, 397, 398, 399, 400, 401, 402, 403, 404, 405, 406, 407, 408, 409, 410, 411, 412, 413, 414, 415, 416, 417, 418, 419, 421, 422, 423, 424, 425, 426, 427, 428, 429, 430, 431, 432, 433, 434, 435, 436, 438, 439, 440, 441, 442, 443, 444, 445, 446, 447, 448, 449, 450, 451, 452, 453, 454, 455, 456, 457, 458, 459, 462, 463, 464, 465, 466, 467, 468, 469, 470, 471, 472, 473, 474, 475, 476, 477, 478, 479, 480, 481, 482, 483, 484, 485, 486, 487, 488, 489, 490, 491, 493, 494, 495, 496, 497, 498, 499, 500, 501, 502, 503, 504, 505, 506, 507, 508, 509, 510, 511, 512, 513, 514, 515, 516, 517, 518, 519, 520, 521, 522, 524, 525, 526, 527, 528, 529, 530, 531, 532, 533, 534, 535, 536, 537, 538, 539, 540, 541, 542, 543, 545, 546, 547, 548, 549, 551, 552, 553, 554, 556, 557, 558, 560, 561, 562, 563, 564, 565, 566, 567, 568, 569, 570, 571, 572, 574, 575, 576, 577, 578, 579, 580, 581, 582, 583, 584, 585, 586, 587, 588, 589, 590, 591, 592, 593, 594, 595, 596, 597, 598, 599, 600",1,common/green.png,Обычные тайлы 'green' должны использовать внешний PNG.,[ ]
3,purple,Обычные тайлы,common,4,"4, 5, 6, 10, 12, 17, 18, 19, 21, 23, 24, 26, 27, 29, 30, 31, 32, 33, 36, 39, 41, 47, 48, 49, 50, 51, 53, 55, 56, 63, 65, 70, 71, 72, 73, 76, 78, 79, 82, 85, 87, 90, 93, 95, 96, 98, 101, 102, 103, 104, 106, 108, 109, 110, 117, 118, 119, 122, 123, 124, 127, 131, 132, 134, 137, 143, 144, 145, 146, 148, 151, 152, 153, 154, 158, 161, 162, 163, 169, 171, 173, 174, 178, 179, 183, 185, 186, 187, 190, 191, 192, 194, 199, 201, 205, 206, 207, 208, 209, 211, 214, 215, 216, 218, 221, 222, 223, 226, 229, 231, 233, 234, 236, 238, 239, 241, 243, 246, 247, 248, 249, 250, 251, 252, 253, 256, 258, 259, 261, 262, 264, 265, 266, 267, 268, 269, 270, 271, 272, 273, 274, 276, 277, 278, 281, 282, 283, 284, 285, 286, 287, 289, 290, 291, 292, 293, 294, 295, 296, 297, 298, 301, 303, 305, 306, 307, 309, 311, 312, 313, 314, 315, 317, 321, 322, 323, 324, 325, 326, 327, 328, 329, 330, 331, 332, 333, 334, 335, 336, 339, 341, 342, 343, 344, 345, 346, 347, 348, 349, 351, 352, 356, 360, 364, 365, 366, 367, 370, 375, 377, 379, 390, 392, 394, 395, 396, 401, 402, 403, 405, 406, 407, 415, 416, 417, 418, 422, 430, 431, 434, 449, 453, 457, 468, 472, 474, 475, 476, 490, 493, 546, 559, 574, 588, 589",1,common/purple.png,Обычные тайлы 'purple' должны использовать внешний PNG.,[ ]
4,red,Обычные тайлы,common,1,"1, 2, 3, 4, 5, 6, 7, 8, 9, 10, 11, 12, 13, 14, 15, 16, 17, 18, 19, 20, 21, 22, 23, 24, 25, 26, 27, 28, 29, 30, 31, 32, 33, 34, 35, 36, 37, 38, 39, 41, 42, 43, 44, 45, 46, 47, 48, 49, 50, 51, 52, 53, 54, 55, 56, 57, 58, 59, 60, 61, 62, 63, 64, 65, 66, 67, 68, 69, 70, 71, 72, 73, 74, 75, 76, 77, 78, 79, 80, 81, 82, 83, 84, 85, 86, 87, 88, 89, 90, 91, 92, 93, 94, 95, 96, 97, 98, 99, 100, 101, 102, 103, 104, 105, 106, 107, 108, 109, 110, 111, 112, 113, 114, 115, 116, 117, 118, 119, 120, 121, 122, 123, 124, 125, 126, 127, 128, 129, 130, 131, 132, 133, 134, 135, 136, 137, 138, 139, 140, 141, 142, 143, 144, 145, 146, 147, 148, 149, 150, 151, 152, 153, 154, 155, 156, 157, 158, 159, 160, 161, 162, 163, 164, 165, 166, 167, 168, 169, 170, 171, 172, 173, 174, 175, 176, 177, 178, 179, 181, 183, 184, 185, 186, 187, 188, 189, 190, 191, 192, 193, 194, 195, 196, 197, 198, 199, 200, 201, 202, 203, 204, 205, 206, 207, 208, 209, 210, 211, 212, 213, 214, 215, 216, 217, 218, 219, 220, 221, 222, 223, 224, 225, 226, 227, 229, 230, 231, 232, 233, 234, 235, 236, 237, 238, 239, 241, 242, 243, 244, 245, 246, 247, 248, 249, 250, 251, 252, 253, 254, 255, 256, 257, 258, 259, 260, 261, 262, 263, 264, 265, 266, 267, 268, 269, 270, 271, 272, 273, 274, 275, 276, 277, 278, 279, 281, 282, 283, 284, 285, 286, 287, 288, 289, 290, 291, 292, 293, 294, 295, 296, 297, 298, 299, 300, 301, 302, 303, 304, 305, 306, 307, 308, 309, 310, 311, 312, 313, 314, 315, 316, 317, 318, 319, 320, 321, 322, 323, 324, 325, 326, 327, 328, 329, 330, 331, 332, 333, 334, 335, 336, 337, 338, 339, 341, 342, 343, 344, 345, 346, 347, 348, 349, 350, 351, 352, 353, 354, 355, 356, 357, 358, 359, 361, 362, 363, 364, 365, 366, 367, 368, 369, 370, 371, 372, 373, 374, 375, 376, 377, 378, 379, 381, 382, 383, 384, 385, 386, 387, 388, 389, 390, 391, 392, 393, 394, 395, 396, 397, 398, 399, 401, 402, 404, 405, 406, 407, 408, 409, 410, 411, 412, 413, 414, 415, 416, 417, 418, 419, 420, 421, 422, 423, 424, 425, 426, 427, 428, 429, 430, 431, 432, 433, 434, 435, 436, 437, 438, 439, 441, 442, 443, 444, 445, 446, 447, 448, 449, 450, 451, 452, 453, 454, 455, 456, 457, 458, 459, 460, 462, 463, 464, 465, 466, 467, 468, 469, 470, 471, 472, 473, 474, 475, 476, 477, 478, 479, 481, 482, 483, 484, 485, 486, 487, 488, 489, 490, 491, 492, 493, 494, 495, 496, 497, 498, 499, 501, 502, 503, 504, 505, 506, 507, 508, 509, 510, 511, 512, 513, 514, 515, 516, 517, 518, 519, 521, 522, 523, 524, 525, 526, 527, 528, 529, 530, 531, 532, 533, 534, 535, 536, 537, 538, 539, 540, 541, 542, 543, 544, 545, 546, 547, 548, 549, 550, 551, 552, 553, 554, 555, 556, 557, 558, 560, 561, 562, 563, 564, 565, 566, 567, 568, 569, 570, 571, 572, 574, 575, 576, 577, 578, 579, 580, 581, 582, 583, 584, 585, 586, 587, 588, 589, 590, 591, 592, 593, 594, 595, 596, 597, 598, 599",1,common/red.png,Обычные тайлы 'red' должны использовать внешний PNG.,[ ]
5,yellow,Обычные тайлы,common,1,"1, 2, 3, 4, 7, 8, 9, 10, 11, 12, 13, 14, 16, 17, 18, 19, 21, 22, 23, 25, 26, 27, 28, 29, 30, 31, 32, 33, 34, 35, 36, 37, 38, 39, 41, 42, 43, 44, 45, 46, 47, 48, 49, 50, 51, 52, 53, 54, 55, 56, 57, 58, 59, 60, 61, 62, 63, 64, 65, 66, 67, 68, 69, 70, 71, 72, 73, 74, 75, 76, 77, 78, 79, 80, 81, 82, 83, 84, 85, 86, 87, 88, 89, 90, 91, 92, 93, 94, 95, 96, 97, 98, 99, 100, 101, 102, 103, 104, 105, 106, 107, 108, 109, 110, 111, 112, 113, 114, 115, 116, 117, 118, 119, 120, 121, 122, 123, 124, 125, 126, 127, 131, 132, 133, 134, 135, 136, 137, 138, 139, 140, 141, 142, 143, 144, 145, 146, 147, 148, 149, 150, 151, 152, 153, 154, 155, 156, 157, 158, 159, 161, 162, 163, 164, 165, 166, 167, 168, 169, 170, 171, 172, 173, 174, 175, 176, 177, 178, 179, 180, 181, 182, 183, 184, 185, 186, 187, 188, 189, 190, 191, 192, 193, 194, 195, 196, 197, 198, 199, 200, 201, 202, 203, 204, 205, 206, 207, 208, 209, 210, 211, 212, 213, 214, 215, 216, 217, 218, 219, 220, 221, 222, 223, 224, 225, 226, 227, 228, 229, 230, 231, 232, 233, 234, 235, 236, 237, 238, 239, 240, 241, 242, 243, 244, 245, 246, 247, 248, 249, 250, 251, 252, 253, 254, 255, 256, 257, 258, 259, 261, 262, 263, 264, 265, 266, 267, 268, 269, 270, 271, 272, 274, 275, 276, 277, 278, 279, 281, 282, 283, 284, 285, 286, 287, 288, 289, 290, 291, 292, 293, 294, 295, 296, 297, 298, 299, 301, 302, 303, 304, 305, 306, 307, 308, 309, 310, 311, 312, 313, 314, 315, 317, 318, 319, 320, 321, 322, 323, 324, 325, 326, 327, 328, 329, 330, 331, 332, 333, 334, 335, 336, 337, 338, 339, 341, 342, 343, 344, 345, 346, 347, 348, 349, 350, 351, 352, 353, 354, 355, 356, 357, 358, 359, 361, 362, 363, 364, 365, 366, 367, 368, 369, 370, 371, 372, 373, 374, 375, 376, 377, 378, 379, 380, 381, 382, 384, 385, 386, 387, 388, 389, 390, 391, 392, 393, 394, 395, 396, 397, 398, 399, 401, 402, 403, 404, 405, 406, 407, 408, 410, 411, 412, 413, 414, 415, 416, 417, 418, 419, 420, 421, 422, 423, 424, 425, 426, 427, 428, 429, 430, 431, 432, 433, 434, 435, 436, 437, 438, 439, 441, 442, 443, 444, 445, 446, 447, 448, 449, 450, 451, 452, 453, 454, 455, 456, 457, 458, 459, 461, 462, 463, 464, 465, 466, 467, 468, 469, 470, 471, 472, 473, 474, 475, 476, 477, 478, 479, 480, 481, 482, 483, 484, 485, 486, 487, 488, 489, 490, 491, 492, 493, 494, 495, 496, 497, 498, 499, 500, 501, 502, 503, 504, 505, 506, 507, 508, 509, 510, 511, 512, 513, 514, 515, 516, 517, 518, 519, 520, 521, 522, 523, 524, 525, 526, 527, 528, 529, 530, 531, 532, 533, 534, 535, 536, 537, 538, 539, 540, 541, 542, 543, 544, 545, 546, 547, 548, 549, 550, 551, 552, 553, 554, 555, 556, 557, 558, 559, 561, 562, 563, 564, 565, 566, 567, 568, 569, 570, 571, 572, 573, 574, 575, 576, 577, 578, 579, 580, 581, 582, 583, 584, 585, 586, 587, 590, 591, 592, 593, 594, 595, 596, 597, 598, 599",1,common/yellow.png,Обычные тайлы 'yellow' должны использовать внешний PNG.,[ ]
6,balloon,Спецтайлы,special/balloon,1,"1, 2, 3, 7, 8, 9, 13, 15, 18, 22, 23, 26, 29, 33, 35, 43, 64, 71, 88, 91, 92, 103, 112, 131, 135, 143, 165, 169, 174, 178, 182, 191, 192, 196, 208, 216, 221, 223, 228, 231, 234, 239, 254, 269, 277, 291, 307, 311, 315, 319, 322, 323, 326, 333, 343, 344, 347, 349, 353, 367, 376, 378, 379, 390, 397, 401, 407, 410, 412, 423, 425, 427, 441, 448, 458, 461, 467, 471, 477, 482, 490, 496, 503, 504, 516, 524, 532, 541, 549, 552, 557, 564, 567, 568, 589, 592",36,special/balloon/main.png,На уровне 1 все экземпляры 'balloon' должны получить внешний арт. Игровая механика должна остаться штатной.,[ ]
7,balloon_blue,Спецтайлы,special/balloon_blue,37,"37, 38, 39, 41, 42, 46, 47, 54, 55, 57, 65, 68, 75, 89, 95, 113, 150, 176, 202, 229, 258, 261, 283, 299, 319, 465, 466, 510, 539, 564",8,special/balloon_blue/main.png,На уровне 37 все экземпляры 'balloon_blue' должны получить внешний арт. Игровая механика должна остаться штатной.,[ ]
8,balloon_green,Спецтайлы,special/balloon_green,37,"37, 38, 39, 41, 42, 47, 55, 57, 65, 75, 89, 107, 113, 150, 161, 176, 201, 229, 258, 283, 299, 319, 347, 408, 465, 466, 509, 510, 539",8,special/balloon_green/main.png,На уровне 37 все экземпляры 'balloon_green' должны получить внешний арт. Игровая механика должна остаться штатной.,[ ]
9,balloon_purple,Спецтайлы,special/balloon_purple,—,Нет в уровнях 1–600,—,special/balloon_purple/main.png,В уровнях 1–600 элемент не используется. Для проверки нужен отдельный тестовый уровень. При появлении элемента внешний арт должен примениться.,[ ]
10,balloon_red,Спецтайлы,special/balloon_red,37,"37, 38, 39, 41, 42, 46, 47, 55, 57, 65, 89, 95, 113, 150, 161, 176, 202, 245, 258, 261, 283, 299, 319, 359, 386, 465, 466, 510, 539",8,special/balloon_red/main.png,На уровне 37 все экземпляры 'balloon_red' должны получить внешний арт. Игровая механика должна остаться штатной.,[ ]
11,balloon_yellow,Спецтайлы,special/balloon_yellow,37,"37, 38, 39, 41, 46, 47, 54, 57, 65, 89, 113, 150, 176, 245, 258, 261, 283, 299, 319, 408, 465, 466, 539",8,special/balloon_yellow/main.png,На уровне 37 все экземпляры 'balloon_yellow' должны получить внешний арт. Игровая механика должна остаться штатной.,[ ]
12,barrel,Спецтайлы,special/barrel,—,Нет в уровнях 1–600,—,special/barrel/hp1.png; special/barrel/hp2.png; special/barrel/hp3.png,В уровнях 1–600 элемент не используется. Для проверки нужен отдельный тестовый уровень. При появлении элемента внешний арт должен примениться.,[ ]
13,billboard,Спецтайлы,special/billboard,469,"469, 470, 471, 472, 473, 474, 482, 483, 492, 493, 505, 506, 519, 521, 534, 535, 551, 552, 556, 569, 579, 581",24,special/billboard/back.png; special/billboard/borders.png; special/billboard/borders_bot_left_corner.png; special/billboard/borders_bottom_left.png; special/billboard/borders_bottom_left_corner_outside_001.png; special/billboard/borders_left_upper.png; special/billboard/borders_upper_left.png; special/billboard/borders_upper_left_corner.png; special/billboard/borders_upper_left_corner_outside_001.png; special/billboard/borders_upper_right_corner_outside_001_left.png; special/billboard/circle.png; special/billboard/sprite_splash_001.png,"На уровне 469 должны подменяться указанные визуальные слоты. Если какого-то PNG нет, для него должен остаться штатный арт.",[ ]
14,billboard_1,Спецтайлы,special/billboard_1,—,Нет в уровнях 1–600,—,special/billboard_1/back.png; special/billboard_1/borders.png; special/billboard_1/borders_bot_left_corner.png; special/billboard_1/borders_bottom_left.png; special/billboard_1/borders_bottom_left_corner_outside_001.png; special/billboard_1/borders_left_upper.png; special/billboard_1/borders_upper_left.png; special/billboard_1/borders_upper_left_corner.png; special/billboard_1/borders_upper_left_corner_outside_001.png; special/billboard_1/borders_upper_right_corner_outside_001_left.png; special/billboard_1/circle.png; special/billboard_1/sprite_splash_001.png,В уровнях 1–600 элемент не используется. Для проверки нужен отдельный тестовый уровень. При появлении элемента внешний арт должен примениться.,[ ]
15,billboard_2,Спецтайлы,special/billboard_2,—,Нет в уровнях 1–600,—,special/billboard_2/back.png; special/billboard_2/borders.png; special/billboard_2/borders_bot_left_corner.png; special/billboard_2/borders_bottom_left.png; special/billboard_2/borders_bottom_left_corner_outside_001.png; special/billboard_2/borders_left_upper.png; special/billboard_2/borders_upper_left.png; special/billboard_2/borders_upper_left_corner.png; special/billboard_2/borders_upper_left_corner_outside_001.png; special/billboard_2/borders_upper_right_corner_outside_001_left.png; special/billboard_2/circle.png; special/billboard_2/sprite_splash_001.png,В уровнях 1–600 элемент не используется. Для проверки нужен отдельный тестовый уровень. При появлении элемента внешний арт должен примениться.,[ ]
16,billboard_3,Спецтайлы,special/billboard_3,—,Нет в уровнях 1–600,—,special/billboard_3/back.png; special/billboard_3/borders.png; special/billboard_3/borders_bot_left_corner.png; special/billboard_3/borders_bottom_left.png; special/billboard_3/borders_bottom_left_corner_outside_001.png; special/billboard_3/borders_left_upper.png; special/billboard_3/borders_upper_left.png; special/billboard_3/borders_upper_left_corner.png; special/billboard_3/borders_upper_left_corner_outside_001.png; special/billboard_3/borders_upper_right_corner_outside_001_left.png; special/billboard_3/circle.png; special/billboard_3/sprite_splash_001.png,В уровнях 1–600 элемент не используется. Для проверки нужен отдельный тестовый уровень. При появлении элемента внешний арт должен примениться.,[ ]
17,birds,Спецтайлы,special/birds,—,Нет в уровнях 1–600,—,special/birds/main.png,В уровнях 1–600 элемент не используется. Для проверки нужен отдельный тестовый уровень. При появлении элемента внешний арт должен примениться.,[ ]
18,bottle,Спецтайлы,special/bottle,6,6,2,special/bottle/main.png,На уровне 6 все экземпляры 'bottle' должны получить внешний арт. Игровая механика должна остаться штатной.,[ ]
19,box,Спецтайлы,special/box,16,"16, 17, 18, 19, 21, 24, 25, 26, 30, 32, 33, 36, 39, 44, 45, 50, 53, 56, 59, 62, 68, 73, 82, 83, 84, 87, 93, 97, 99, 105, 111, 117, 118, 123, 127, 128, 129, 134, 136, 157, 166, 168, 171, 181, 187, 197, 210, 211, 213, 214, 217, 229, 238, 239, 241, 249, 255, 258, 265, 270, 273, 279, 286, 289, 292, 297, 301, 303, 308, 309, 312, 314, 315, 317, 323, 330, 331, 334, 339, 341, 347, 349, 356, 358, 369, 379, 383, 388, 389, 391, 394, 418, 426, 428, 429, 434, 441, 449, 462, 465, 468, 472, 476, 484, 489, 498, 499, 508, 509, 517, 518, 526, 542, 545, 551, 555, 556, 564, 565, 575, 581, 584, 585, 587, 591, 595, 597",48,special/box/main.png,На уровне 16 все экземпляры 'box' должны получить внешний арт. Игровая механика должна остаться штатной.,[ ]
20,box_blue,Спецтайлы,special/box_blue,69,"69, 70, 71, 73, 76, 77, 78, 86, 87, 96, 112, 116, 121, 133, 153, 162, 183, 194, 230, 233, 247, 267, 277, 278, 308, 321, 409, 454, 455, 490, 491, 553",6,special/box_blue/main.png,На уровне 69 все экземпляры 'box_blue' должны получить внешний арт. Игровая механика должна остаться штатной.,[ ]
21,box_green,Спецтайлы,special/box_green,69,"69, 70, 72, 73, 76, 78, 87, 96, 98, 116, 121, 133, 153, 162, 183, 194, 230, 233, 247, 267, 277, 278, 321, 372, 409, 454",6,special/box_green/main.png,На уровне 69 все экземпляры 'box_green' должны получить внешний арт. Игровая механика должна остаться штатной.,[ ]
22,box_iron,Спецтайлы,special/box_iron,290,"290, 291, 292, 293, 294, 295, 302, 303, 309, 310, 326, 327, 344, 399, 401, 450, 451, 503, 504, 565",43,special/box_iron/main.png,На уровне 290 все экземпляры 'box_iron' должны получить внешний арт. Игровая механика должна остаться штатной.,[ ]
23,box_purple,Спецтайлы,special/box_purple,76,"76, 162, 183, 194, 233, 247, 267, 278, 403",1,special/box_purple/main.png,На уровне 76 все экземпляры 'box_purple' должны получить внешний арт. Игровая механика должна остаться штатной.,[ ]
24,box_red,Спецтайлы,special/box_red,69,"69, 70, 71, 72, 73, 76, 77, 78, 96, 116, 121, 133, 153, 162, 183, 194, 233, 247, 267, 278, 308, 350, 372, 409, 454, 490, 513",6,special/box_red/main.png,На уровне 69 все экземпляры 'box_red' должны получить внешний арт. Игровая механика должна остаться штатной.,[ ]
25,box_triple,Спецтайлы,special/box_triple,90,"90, 91, 92, 93, 96, 97, 99, 106, 107, 110, 132, 134, 147, 175, 203, 210, 225, 256, 265, 314, 319, 323, 345, 388, 401, 462, 491, 497, 566, 579, 584, 594",18,special/box_triple/hp1.png; special/box_triple/hp2.png; special/box_triple/hp3.png,На уровне 90 проверить все состояния/HP: должны использоваться соответствующие внешние PNG. Механика и штатные Spine-анимации не должны ломаться.,[ ]
26,box_yellow,Спецтайлы,special/box_yellow,69,"69, 71, 73, 76, 77, 78, 96, 116, 121, 133, 153, 162, 183, 194, 233, 247, 267, 277, 278, 308, 372, 403, 454, 490, 554",6,special/box_yellow/main.png,На уровне 69 все экземпляры 'box_yellow' должны получить внешний арт. Игровая механика должна остаться штатной.,[ ]
27,coconut,Спецтайлы,special/coconut,—,Нет в уровнях 1–600,—,special/coconut/hp1.png; special/coconut/hp2.png,В уровнях 1–600 элемент не используется. Для проверки нужен отдельный тестовый уровень. При появлении элемента внешний арт должен примениться.,[ ]
28,coin,Спецтайлы,special/coin,20,"20, 100, 120, 140, 180, 220, 240, 260, 320, 360, 440, 460, 480, 500, 520, 580",36,special/coin/main.png,На уровне 20 все экземпляры 'coin' должны получить внешний арт. Игровая механика должна остаться штатной.,[ ]
29,duck,Спецтайлы,special/duck,4,"4, 5, 7, 8, 9, 14, 15, 21, 22, 34, 42, 45, 52, 67, 73, 92, 105, 118, 124, 134, 144, 159, 168, 177, 189, 198, 211, 212, 234, 237, 246, 252, 271, 287, 297, 306, 315, 328, 339, 349, 355, 374, 421, 445, 479, 503, 517, 530, 555, 579, 594",3,special/duck/main.png,На уровне 4 все экземпляры 'duck' должны получить внешний арт. Игровая механика должна остаться штатной.,[ ]
30,easteregg,Спецтайлы,special/easteregg,122,"122, 123, 124, 125, 126, 130, 135, 136, 137, 139, 142, 149, 157, 158, 170, 178, 197, 198, 235, 236, 254, 284, 306",12,special/easteregg/main.png,На уровне 122 все экземпляры 'easteregg' должны получить внешний арт. Игровая механика должна остаться штатной.,[ ]
31,easteregg_blue,Спецтайлы,special/easteregg_blue,—,Нет в уровнях 1–600,—,special/easteregg_blue/main.png,В уровнях 1–600 элемент не используется. Для проверки нужен отдельный тестовый уровень. При появлении элемента внешний арт должен примениться.,[ ]
32,easteregg_green,Спецтайлы,special/easteregg_green,—,Нет в уровнях 1–600,—,special/easteregg_green/main.png,В уровнях 1–600 элемент не используется. Для проверки нужен отдельный тестовый уровень. При появлении элемента внешний арт должен примениться.,[ ]
33,easteregg_purple,Спецтайлы,special/easteregg_purple,—,Нет в уровнях 1–600,—,special/easteregg_purple/main.png,В уровнях 1–600 элемент не используется. Для проверки нужен отдельный тестовый уровень. При появлении элемента внешний арт должен примениться.,[ ]
34,easteregg_red,Спецтайлы,special/easteregg_red,—,Нет в уровнях 1–600,—,special/easteregg_red/main.png,В уровнях 1–600 элемент не используется. Для проверки нужен отдельный тестовый уровень. При появлении элемента внешний арт должен примениться.,[ ]
35,easteregg_yellow,Спецтайлы,special/easteregg_yellow,—,Нет в уровнях 1–600,—,special/easteregg_yellow/main.png,В уровнях 1–600 элемент не используется. Для проверки нужен отдельный тестовый уровень. При появлении элемента внешний арт должен примениться.,[ ]
36,firebox,Спецтайлы,special/firebox,—,Нет в уровнях 1–600,—,special/firebox/main.png,В уровнях 1–600 элемент не используется. Для проверки нужен отдельный тестовый уровень. При появлении элемента внешний арт должен примениться.,[ ]
37,firerockets,Спецтайлы,special/firerockets,—,Нет в уровнях 1–600,—,special/firerockets/main.png,В уровнях 1–600 элемент не используется. Для проверки нужен отдельный тестовый уровень. При появлении элемента внешний арт должен примениться.,[ ]
38,fish,Спецтайлы,special/fish,332,"332, 333, 334, 335, 336, 337, 351, 352, 362, 363, 376, 377, 381, 391, 392, 410, 411, 437, 438, 456, 463, 464, 483, 488, 489, 513, 514, 528, 529, 559, 570, 571, 590, 591, 597",12,special/fish/active.png; special/fish/inactive.png,"На уровне 332 должны подменяться указанные визуальные слоты. Если какого-то PNG нет, для него должен остаться штатный арт.",[ ]
39,flask,Спецтайлы,special/flask,—,Нет в уровнях 1–600,—,special/flask/icon.png; special/flask/icon_2.png; special/flask/icon_3.png; special/flask/icon_4.png; special/flask/icon_5.png,В уровнях 1–600 элемент не используется. Для проверки нужен отдельный тестовый уровень. При появлении элемента внешний арт должен примениться.,[ ]
40,flask_blue,Спецтайлы,special/flask_blue,—,Нет в уровнях 1–600,—,special/flask_blue/icon.png; special/flask_blue/icon_2.png; special/flask_blue/icon_3.png; special/flask_blue/icon_4.png; special/flask_blue/icon_5.png,В уровнях 1–600 элемент не используется. Для проверки нужен отдельный тестовый уровень. При появлении элемента внешний арт должен примениться.,[ ]
41,flask_green,Спецтайлы,special/flask_green,—,Нет в уровнях 1–600,—,special/flask_green/icon.png; special/flask_green/icon_2.png; special/flask_green/icon_3.png; special/flask_green/icon_4.png; special/flask_green/icon_5.png,В уровнях 1–600 элемент не используется. Для проверки нужен отдельный тестовый уровень. При появлении элемента внешний арт должен примениться.,[ ]
42,flask_purple,Спецтайлы,special/flask_purple,—,Нет в уровнях 1–600,—,special/flask_purple/icon.png; special/flask_purple/icon_2.png; special/flask_purple/icon_3.png; special/flask_purple/icon_4.png; special/flask_purple/icon_5.png,В уровнях 1–600 элемент не используется. Для проверки нужен отдельный тестовый уровень. При появлении элемента внешний арт должен примениться.,[ ]
43,flask_red,Спецтайлы,special/flask_red,—,Нет в уровнях 1–600,—,special/flask_red/icon.png; special/flask_red/icon_2.png; special/flask_red/icon_3.png; special/flask_red/icon_4.png; special/flask_red/icon_5.png,В уровнях 1–600 элемент не используется. Для проверки нужен отдельный тестовый уровень. При появлении элемента внешний арт должен примениться.,[ ]
44,flask_yellow,Спецтайлы,special/flask_yellow,—,Нет в уровнях 1–600,—,special/flask_yellow/icon.png; special/flask_yellow/icon_2.png; special/flask_yellow/icon_3.png; special/flask_yellow/icon_4.png; special/flask_yellow/icon_5.png,В уровнях 1–600 элемент не используется. Для проверки нужен отдельный тестовый уровень. При появлении элемента внешний арт должен примениться.,[ ]
45,flower_pot,Спецтайлы,special/flower_pot,—,Нет в уровнях 1–600,—,special/flower_pot/main.png,В уровнях 1–600 элемент не используется. Для проверки нужен отдельный тестовый уровень. При появлении элемента внешний арт должен примениться.,[ ]
46,frog,Спецтайлы,special/frog,—,Нет в уровнях 1–600,—,special/frog/main.png,В уровнях 1–600 элемент не используется. Для проверки нужен отдельный тестовый уровень. При появлении элемента внешний арт должен примениться.,[ ]
47,gift,Спецтайлы,special/gift,—,Нет в уровнях 1–600,—,special/gift/main.png,В уровнях 1–600 элемент не используется. Для проверки нужен отдельный тестовый уровень. При появлении элемента внешний арт должен примениться.,[ ]
48,gift_open,Спецтайлы,special/gift_open,—,Нет в уровнях 1–600,—,special/gift_open/main.png,В уровнях 1–600 элемент не используется. Для проверки нужен отдельный тестовый уровень. При появлении элемента внешний арт должен примениться.,[ ]
49,honey,Спецтайлы,special/honey,—,Нет в уровнях 1–600,—,special/honey/main.png,В уровнях 1–600 элемент не используется. Для проверки нужен отдельный тестовый уровень. При появлении элемента внешний арт должен примениться.,[ ]
50,honey_jar,Спецтайлы,special/honey_jar,364,"364, 365, 366, 367, 368, 369, 374, 375, 381, 382, 395, 396, 414, 415, 428, 435, 436, 454, 456, 457, 475, 484, 485, 492, 501, 509, 530, 531, 545, 557, 558, 588, 589, 598",21,special/honey_jar/main.png,На уровне 364 все экземпляры 'honey_jar' должны получить внешний арт. Игровая механика должна остаться штатной.,[ ]
51,jelly,Спецтайлы,special/jelly,58,"58, 59, 61, 62, 63, 64, 67, 68, 74, 75, 77, 85, 87, 97, 98, 115, 116, 134, 136, 146, 152, 163, 171, 181, 193, 201, 212, 218, 230, 242, 253, 257, 274, 282, 294, 298, 324, 325, 336, 345, 354, 370, 377, 393, 402, 406, 415, 424, 429, 430, 443, 447, 473, 486, 491, 494, 514, 529, 535, 548, 553, 562, 577, 582, 591",18,special/jelly/main.png,На уровне 58 все экземпляры 'jelly' должны получить внешний арт. Игровая механика должна остаться штатной.,[ ]
52,lamp,Спецтайлы,special/lamp,48,"48, 49, 50, 51, 52, 53, 56, 57, 63, 66, 67, 74, 78, 83, 86, 94, 111, 114, 127, 137, 145, 155, 156, 173, 179, 192, 202, 217, 218, 231, 237, 243, 263, 279, 281, 299, 304, 309, 313, 321, 323, 325, 350, 351, 361, 373, 382, 387, 398, 399, 407, 424, 431, 442, 451, 455, 463, 478, 488, 501, 502, 528, 543, 547, 557, 563, 583, 593",16,special/lamp/break_flash.png; special/lamp/break_fragments_rays.png; special/lamp/break_sparks.png; special/lamp/break_star.png; special/lamp/break_star_glow.png; special/lamp/glow.png; special/lamp/hp1.png; special/lamp/hp2.png; special/lamp/star_rays.png,На уровне 48 проверить все состояния/HP: должны использоваться соответствующие внешние PNG. Механика и штатные Spine-анимации не должны ломаться.,[ ]
53,lamp_legacy,Спецтайлы,special/lamp_legacy,—,Нет в уровнях 1–600,—,special/lamp_legacy/hp1.png; special/lamp_legacy/hp2.png,В уровнях 1–600 элемент не используется. Для проверки нужен отдельный тестовый уровень. При появлении элемента внешний арт должен примениться.,[ ]
54,magic_hat,Спецтайлы,special/magic_hat,27,"27, 28, 29, 30, 31, 34, 36, 43, 44, 47, 55, 56, 61, 65, 76, 88, 93, 108, 118, 126, 138, 151, 158, 172, 184, 198, 205, 211, 216, 227, 232, 236, 250, 256, 264, 272, 288, 289, 295, 305, 313, 314, 327, 329, 337, 342, 355, 356, 368, 372, 373, 385, 389, 397, 398, 408, 423, 424, 432, 444, 448, 449, 457, 474, 481, 498, 502, 508, 511, 516, 527, 532, 533, 546, 552, 558, 569, 581, 589, 596",12,special/magic_hat/active.png; special/magic_hat/inactive.png,"На уровне 27 должны подменяться указанные визуальные слоты. Если какого-то PNG нет, для него должен остаться штатный арт.",[ ]
55,mole,Спецтайлы,special/mole,—,Нет в уровнях 1–600,—,special/mole/closed.png; special/mole/open.png; special/mole/sprite_splash.png,В уровнях 1–600 элемент не используется. Для проверки нужен отдельный тестовый уровень. При появлении элемента внешний арт должен примениться.,[ ]
56,money_bag,Спецтайлы,special/money_bag,—,Нет в уровнях 1–600,—,special/money_bag/main.png,В уровнях 1–600 элемент не используется. Для проверки нужен отдельный тестовый уровень. При появлении элемента внешний арт должен примениться.,[ ]
57,penguin,Спецтайлы,special/penguin,—,Нет в уровнях 1–600,—,special/penguin/hp1.png; special/penguin/hp2.png; special/penguin/hp3.png; special/penguin/hp4.png,В уровнях 1–600 элемент не используется. Для проверки нужен отдельный тестовый уровень. При появлении элемента внешний арт должен примениться.,[ ]
58,pinata,Спецтайлы,special/pinata,79,"79, 81, 82, 83, 84, 85, 88, 89, 94, 98, 99, 110, 111, 117, 119, 131, 132, 138, 148, 154, 177, 195, 222, 226, 238, 239, 246, 259, 264, 269, 270, 315, 316, 335, 375, 387, 388, 430, 452, 511, 512, 544, 588",12,special/pinata/main.png,На уровне 79 все экземпляры 'pinata' должны получить внешний арт. Игровая механика должна остаться штатной.,[ ]
59,pump,Спецтайлы,special/pump,574,"574, 575, 576, 577, 578, 586, 587, 596, 597",17,special/pump/active.png; special/pump/inactive.png,"На уровне 574 должны подменяться указанные визуальные слоты. Если какого-то PNG нет, для него должен остаться штатный арт.",[ ]
60,sawmill,Спецтайлы,special/sawmill,—,Нет в уровнях 1–600,—,special/sawmill/borders_left.png; special/sawmill/log.png; special/sawmill/saw.png,В уровнях 1–600 элемент не используется. Для проверки нужен отдельный тестовый уровень. При появлении элемента внешний арт должен примениться.,[ ]
61,sawmill_1,Спецтайлы,special/sawmill_1,—,Нет в уровнях 1–600,—,special/sawmill_1/borders_left.png; special/sawmill_1/log.png; special/sawmill_1/saw.png,В уровнях 1–600 элемент не используется. Для проверки нужен отдельный тестовый уровень. При появлении элемента внешний арт должен примениться.,[ ]
62,sawmill_2,Спецтайлы,special/sawmill_2,—,Нет в уровнях 1–600,—,special/sawmill_2/borders_left.png; special/sawmill_2/log.png; special/sawmill_2/saw.png,В уровнях 1–600 элемент не используется. Для проверки нужен отдельный тестовый уровень. При появлении элемента внешний арт должен примениться.,[ ]
63,sawmill_3,Спецтайлы,special/sawmill_3,—,Нет в уровнях 1–600,—,special/sawmill_3/borders_left.png; special/sawmill_3/log.png; special/sawmill_3/saw.png,В уровнях 1–600 элемент не используется. Для проверки нужен отдельный тестовый уровень. При появлении элемента внешний арт должен примениться.,[ ]
64,sawmill_vertical,Спецтайлы,special/sawmill_vertical,—,Нет в уровнях 1–600,—,special/sawmill_vertical/log.png; special/sawmill_vertical/saw.png,В уровнях 1–600 элемент не используется. Для проверки нужен отдельный тестовый уровень. При появлении элемента внешний арт должен примениться.,[ ]
65,sawmill_vertical_1,Спецтайлы,special/sawmill_vertical_1,—,Нет в уровнях 1–600,—,special/sawmill_vertical_1/log.png; special/sawmill_vertical_1/saw.png,В уровнях 1–600 элемент не используется. Для проверки нужен отдельный тестовый уровень. При появлении элемента внешний арт должен примениться.,[ ]
66,sawmill_vertical_2,Спецтайлы,special/sawmill_vertical_2,—,Нет в уровнях 1–600,—,special/sawmill_vertical_2/log.png; special/sawmill_vertical_2/saw.png,В уровнях 1–600 элемент не используется. Для проверки нужен отдельный тестовый уровень. При появлении элемента внешний арт должен примениться.,[ ]
67,sawmill_vertical_3,Спецтайлы,special/sawmill_vertical_3,—,Нет в уровнях 1–600,—,special/sawmill_vertical_3/log.png; special/sawmill_vertical_3/saw.png,В уровнях 1–600 элемент не используется. Для проверки нужен отдельный тестовый уровень. При появлении элемента внешний арт должен примениться.,[ ]
68,shell,Спецтайлы,special/shell,185,"185, 186, 187, 188, 189, 190, 193, 194, 195, 203, 204, 205, 213, 214, 222, 224, 244, 245, 257, 258, 271, 272, 298, 310, 330, 331, 346, 352, 357, 378, 379, 393, 394, 411, 438, 442, 443, 461, 462, 485, 493, 496, 497, 515, 545, 546, 561, 566, 567, 578, 584, 585",15,special/shell/closed.png; special/shell/open.png; special/shell/sprite_splash.png,"На уровне 185 должны подменяться указанные визуальные слоты. Если какого-то PNG нет, для него должен остаться штатный арт.",[ ]
69,small_safe,Спецтайлы,special/small_safe,416,"416, 417, 418, 419, 421, 422, 431, 432, 446, 447, 464, 467, 468, 479, 481, 507, 508, 519, 534, 541, 542, 562, 563, 590, 594, 595",45,special/small_safe/closed.png; special/small_safe/open.png,"На уровне 416 должны подменяться указанные визуальные слоты. Если какого-то PNG нет, для него должен остаться штатный арт.",[ ]
70,small_safe_open,Спецтайлы,special/small_safe_open,432,"432, 446, 447, 464, 467, 468, 479, 590, 594, 595",18,special/small_safe_open/closed.png; special/small_safe_open/open.png,"На уровне 432 должны подменяться указанные визуальные слоты. Если какого-то PNG нет, для него должен остаться штатный арт.",[ ]
71,soap,Спецтайлы,special/soap,—,Нет в уровнях 1–600,—,special/soap/main.png,В уровнях 1–600 элемент не используется. Для проверки нужен отдельный тестовый уровень. При появлении элемента внешний арт должен примениться.,[ ]
72,sticker,Спецтайлы,special/sticker,—,Нет в уровнях 1–600,—,special/sticker/main.png,В уровнях 1–600 элемент не используется. Для проверки нужен отдельный тестовый уровень. При появлении элемента внешний арт должен примениться.,[ ]
73,sticker_blue,Спецтайлы,special/sticker_blue,—,Нет в уровнях 1–600,—,special/sticker_blue/main.png,В уровнях 1–600 элемент не используется. Для проверки нужен отдельный тестовый уровень. При появлении элемента внешний арт должен примениться.,[ ]
74,sticker_green,Спецтайлы,special/sticker_green,—,Нет в уровнях 1–600,—,special/sticker_green/main.png,В уровнях 1–600 элемент не используется. Для проверки нужен отдельный тестовый уровень. При появлении элемента внешний арт должен примениться.,[ ]
75,sticker_purple,Спецтайлы,special/sticker_purple,41,"41, 65, 258, 299",5,special/sticker_purple/main.png,На уровне 41 все экземпляры 'sticker_purple' должны получить внешний арт. Игровая механика должна остаться штатной.,[ ]
76,sticker_red,Спецтайлы,special/sticker_red,—,Нет в уровнях 1–600,—,special/sticker_red/main.png,В уровнях 1–600 элемент не используется. Для проверки нужен отдельный тестовый уровень. При появлении элемента внешний арт должен примениться.,[ ]
77,sticker_yellow,Спецтайлы,special/sticker_yellow,—,Нет в уровнях 1–600,—,special/sticker_yellow/main.png,В уровнях 1–600 элемент не используется. Для проверки нужен отдельный тестовый уровень. При появлении элемента внешний арт должен примениться.,[ ]
78,stone,Спецтайлы,special/stone,—,Нет в уровнях 1–600,—,special/stone/borders_left_side_bot_left_corner.png; special/stone/borders_left_side_top_left_corner.png; special/stone/borders_mid_border_left_side_bot_border.png; special/stone/borders_mid_border_left_side_top_border.png; special/stone/borders_mid_border_right_side_bot_border.png; special/stone/borders_mid_border_right_side_top_border.png; special/stone/borders_right_side_top_right_corner.png; special/stone/hp1.png; special/stone/hp2.png; special/stone/hp3.png; special/stone/hp4.png; special/stone/stone.png,В уровнях 1–600 элемент не используется. Для проверки нужен отдельный тестовый уровень. При появлении элемента внешний арт должен примениться.,[ ]
79,stone_1,Спецтайлы,special/stone_1,—,Нет в уровнях 1–600,—,special/stone_1/borders_left_side_bot_left_corner.png; special/stone_1/borders_left_side_top_left_corner.png; special/stone_1/borders_mid_border_left_side_bot_border.png; special/stone_1/borders_mid_border_left_side_top_border.png; special/stone_1/borders_mid_border_right_side_bot_border.png; special/stone_1/borders_mid_border_right_side_top_border.png; special/stone_1/borders_right_side_top_right_corner.png; special/stone_1/hp1.png; special/stone_1/hp2.png; special/stone_1/hp3.png; special/stone_1/hp4.png; special/stone_1/stone_1.png,В уровнях 1–600 элемент не используется. Для проверки нужен отдельный тестовый уровень. При появлении элемента внешний арт должен примениться.,[ ]
80,stone_2,Спецтайлы,special/stone_2,—,Нет в уровнях 1–600,—,special/stone_2/borders_left_side_bot_left_corner.png; special/stone_2/borders_left_side_top_left_corner.png; special/stone_2/borders_mid_border_left_side_bot_border.png; special/stone_2/borders_mid_border_left_side_top_border.png; special/stone_2/borders_mid_border_right_side_bot_border.png; special/stone_2/borders_mid_border_right_side_top_border.png; special/stone_2/borders_right_side_top_right_corner.png; special/stone_2/hp1.png; special/stone_2/hp2.png; special/stone_2/hp3.png; special/stone_2/hp4.png; special/stone_2/stone_2.png,В уровнях 1–600 элемент не используется. Для проверки нужен отдельный тестовый уровень. При появлении элемента внешний арт должен примениться.,[ ]
81,stone_3,Спецтайлы,special/stone_3,—,Нет в уровнях 1–600,—,special/stone_3/borders_left_side_bot_left_corner.png; special/stone_3/borders_left_side_top_left_corner.png; special/stone_3/borders_mid_border_left_side_bot_border.png; special/stone_3/borders_mid_border_left_side_top_border.png; special/stone_3/borders_mid_border_right_side_bot_border.png; special/stone_3/borders_mid_border_right_side_top_border.png; special/stone_3/borders_right_side_top_right_corner.png; special/stone_3/hp1.png; special/stone_3/hp2.png; special/stone_3/hp3.png; special/stone_3/hp4.png; special/stone_3/stone_3.png,В уровнях 1–600 элемент не используется. Для проверки нужен отдельный тестовый уровень. При появлении элемента внешний арт должен примениться.,[ ]
82,surprise_box,Спецтайлы,special/surprise_box,—,Нет в уровнях 1–600,—,special/surprise_box/closed.png; special/surprise_box/hp3.png,В уровнях 1–600 элемент не используется. Для проверки нужен отдельный тестовый уровень. При появлении элемента внешний арт должен примениться.,[ ]
83,tomb,Спецтайлы,special/tomb,—,Нет в уровнях 1–600,—,special/tomb/hp1.png; special/tomb/hp2.png,В уровнях 1–600 элемент не используется. Для проверки нужен отдельный тестовый уровень. При появлении элемента внешний арт должен примениться.,[ ]
84,tower,Спецтайлы,special/tower,—,Нет в уровнях 1–600,—,special/tower/hp1.png; special/tower/hp2.png; special/tower/hp3.png; special/tower/hp4.png; special/tower/sprite_splash.png,В уровнях 1–600 элемент не используется. Для проверки нужен отдельный тестовый уровень. При появлении элемента внешний арт должен примениться.,[ ]
85,ufo,Спецтайлы,special/ufo,—,Нет в уровнях 1–600,—,special/ufo/main.png,В уровнях 1–600 элемент не используется. Для проверки нужен отдельный тестовый уровень. При появлении элемента внешний арт должен примениться.,[ ]
86,vase_blue,Спецтайлы,special/vase_blue,—,Нет в уровнях 1–600,—,special/vase_blue/main.png,В уровнях 1–600 элемент не используется. Для проверки нужен отдельный тестовый уровень. При появлении элемента внешний арт должен примениться.,[ ]
87,vase_green,Спецтайлы,special/vase_green,—,Нет в уровнях 1–600,—,special/vase_green/main.png,В уровнях 1–600 элемент не используется. Для проверки нужен отдельный тестовый уровень. При появлении элемента внешний арт должен примениться.,[ ]
88,vase_purple,Спецтайлы,special/vase_purple,—,Нет в уровнях 1–600,—,special/vase_purple/main.png,В уровнях 1–600 элемент не используется. Для проверки нужен отдельный тестовый уровень. При появлении элемента внешний арт должен примениться.,[ ]
89,vase_red,Спецтайлы,special/vase_red,—,Нет в уровнях 1–600,—,special/vase_red/main.png,В уровнях 1–600 элемент не используется. Для проверки нужен отдельный тестовый уровень. При появлении элемента внешний арт должен примениться.,[ ]
90,vase_yellow,Спецтайлы,special/vase_yellow,—,Нет в уровнях 1–600,—,special/vase_yellow/main.png,В уровнях 1–600 элемент не используется. Для проверки нужен отдельный тестовый уровень. При появлении элемента внешний арт должен примениться.,[ ]
91,vent,Спецтайлы,special/vent,—,Нет в уровнях 1–600,—,special/vent/red.png; special/vent/sprite_splash.png,В уровнях 1–600 элемент не используется. Для проверки нужен отдельный тестовый уровень. При появлении элемента внешний арт должен примениться.,[ ]
92,watermelon,Спецтайлы,special/watermelon,248,"248, 249, 250, 251, 252, 253, 259, 261, 262, 266, 267, 268, 275, 276, 285, 286, 296, 297, 305, 317, 318, 338, 339, 357, 358, 371, 384, 392, 407, 414, 425, 426, 437, 452, 453, 459, 475, 476, 487, 495, 512, 521, 533, 538, 539, 554, 571, 585, 599",15,special/watermelon/hp1.png; special/watermelon/hp2.png; special/watermelon/hp3.png,На уровне 248 проверить все состояния/HP: должны использоваться соответствующие внешние PNG. Механика и штатные Spine-анимации не должны ломаться.,[ ]
93,big_bottle,Большие спецтайлы,big_special/big_bottle,6,6,1,big_special/big_bottle/main.png,На уровне 6 большой спецтайл 'big_bottle' должен получить внешний арт. Его механика и штатные эффекты должны остаться рабочими.,[ ]
94,big_duck,Большие спецтайлы,big_special/big_duck,9,"9, 24, 35, 45, 54, 64, 86, 109, 130, 151, 182, 203, 237, 246, 266, 308, 323, 384, 433, 518, 556",1,big_special/big_duck/main.png,На уровне 9 большой спецтайл 'big_duck' должен получить внешний арт. Его механика и штатные эффекты должны остаться рабочими.,[ ]
95,big_flask,Большие спецтайлы,big_special/big_flask,—,Нет в уровнях 1–600,—,big_special/big_flask/back_001.png; big_special/big_flask/icon.png; big_special/big_flask/icon_10.png; big_special/big_flask/icon_11.png; big_special/big_flask/icon_12.png; big_special/big_flask/icon_13.png; big_special/big_flask/icon_14.png; big_special/big_flask/icon_15.png; big_special/big_flask/icon_16.png; big_special/big_flask/icon_17.png; big_special/big_flask/icon_18.png; big_special/big_flask/icon_19.png; big_special/big_flask/icon_2.png; big_special/big_flask/icon_20.png; big_special/big_flask/icon_21.png; big_special/big_flask/icon_22.png; big_special/big_flask/icon_23.png; big_special/big_flask/icon_24.png; big_special/big_flask/icon_25.png; big_special/big_flask/icon_26.png; big_special/big_flask/icon_27.png; big_special/big_flask/icon_28.png; big_special/big_flask/icon_29.png; big_special/big_flask/icon_3.png; big_special/big_flask/icon_30.png; big_special/big_flask/icon_31.png; big_special/big_flask/icon_32.png; big_special/big_flask/icon_33.png; big_special/big_flask/icon_34.png; big_special/big_flask/icon_35.png; big_special/big_flask/icon_36.png; big_special/big_flask/icon_37.png; big_special/big_flask/icon_38.png; big_special/big_flask/icon_39.png; big_special/big_flask/icon_4.png; big_special/big_flask/icon_40.png; big_special/big_flask/icon_5.png; big_special/big_flask/icon_6.png; big_special/big_flask/icon_7.png; big_special/big_flask/icon_8.png; big_special/big_flask/icon_9.png,В уровнях 1–600 элемент не используется. Для проверки нужен отдельный тестовый уровень. При появлении элемента внешний арт должен примениться.,[ ]
96,big_pinata,Большие спецтайлы,big_special/big_pinata,164,"164, 165, 166, 167, 168, 172, 173, 181, 182, 191, 192, 199, 219, 221, 246, 247, 265, 281, 282, 307, 322, 348, 359, 383, 412, 413, 439, 441, 494, 495, 499, 518, 537, 538, 549, 550, 570, 598, 599",3,big_special/big_pinata/hp1.png; big_special/big_pinata/hp2.png; big_special/big_pinata/hp3.png,На уровне 164 проверить все состояния/HP: должны использоваться соответствующие внешние PNG. Механика и штатные Spine-анимации не должны ломаться.,[ ]
97,big_safe,Большие спецтайлы,big_special/big_safe,—,Нет в уровнях 1–600,—,big_special/big_safe/closed_back.png; big_special/big_safe/open_back.png; big_special/big_safe/open_gold.png,В уровнях 1–600 элемент не используется. Для проверки нужен отдельный тестовый уровень. При появлении элемента внешний арт должен примениться.,[ ]
98,cosmorocket_blue,Большие спецтайлы,big_special/cosmorocket_blue,—,Нет в уровнях 1–600,—,big_special/cosmorocket_blue/main.png,В уровнях 1–600 элемент не используется. Для проверки нужен отдельный тестовый уровень. При появлении элемента внешний арт должен примениться.,[ ]
99,cosmorocket_green,Большие спецтайлы,big_special/cosmorocket_green,—,Нет в уровнях 1–600,—,big_special/cosmorocket_green/main.png,В уровнях 1–600 элемент не используется. Для проверки нужен отдельный тестовый уровень. При появлении элемента внешний арт должен примениться.,[ ]
100,cosmorocket_horizontal_blue,Большие спецтайлы,big_special/cosmorocket_horizontal_blue,—,Нет в уровнях 1–600,—,big_special/cosmorocket_horizontal_blue/main.png,В уровнях 1–600 элемент не используется. Для проверки нужен отдельный тестовый уровень. При появлении элемента внешний арт должен примениться.,[ ]
101,cosmorocket_horizontal_blue_reversed,Большие спецтайлы,big_special/cosmorocket_horizontal_blue_reversed,—,Нет в уровнях 1–600,—,big_special/cosmorocket_horizontal_blue_reversed/main.png,В уровнях 1–600 элемент не используется. Для проверки нужен отдельный тестовый уровень. При появлении элемента внешний арт должен примениться.,[ ]
102,cosmorocket_horizontal_green,Большие спецтайлы,big_special/cosmorocket_horizontal_green,—,Нет в уровнях 1–600,—,big_special/cosmorocket_horizontal_green/main.png,В уровнях 1–600 элемент не используется. Для проверки нужен отдельный тестовый уровень. При появлении элемента внешний арт должен примениться.,[ ]
103,cosmorocket_horizontal_green_reversed,Большие спецтайлы,big_special/cosmorocket_horizontal_green_reversed,—,Нет в уровнях 1–600,—,big_special/cosmorocket_horizontal_green_reversed/main.png,В уровнях 1–600 элемент не используется. Для проверки нужен отдельный тестовый уровень. При появлении элемента внешний арт должен примениться.,[ ]
104,cosmorocket_horizontal_purple,Большие спецтайлы,big_special/cosmorocket_horizontal_purple,—,Нет в уровнях 1–600,—,big_special/cosmorocket_horizontal_purple/main.png,В уровнях 1–600 элемент не используется. Для проверки нужен отдельный тестовый уровень. При появлении элемента внешний арт должен примениться.,[ ]
105,cosmorocket_horizontal_purple_reversed,Большие спецтайлы,big_special/cosmorocket_horizontal_purple_reversed,—,Нет в уровнях 1–600,—,big_special/cosmorocket_horizontal_purple_reversed/main.png,В уровнях 1–600 элемент не используется. Для проверки нужен отдельный тестовый уровень. При появлении элемента внешний арт должен примениться.,[ ]
106,cosmorocket_horizontal_red,Большие спецтайлы,big_special/cosmorocket_horizontal_red,—,Нет в уровнях 1–600,—,big_special/cosmorocket_horizontal_red/main.png,В уровнях 1–600 элемент не используется. Для проверки нужен отдельный тестовый уровень. При появлении элемента внешний арт должен примениться.,[ ]
107,cosmorocket_horizontal_red_reversed,Большие спецтайлы,big_special/cosmorocket_horizontal_red_reversed,—,Нет в уровнях 1–600,—,big_special/cosmorocket_horizontal_red_reversed/main.png,В уровнях 1–600 элемент не используется. Для проверки нужен отдельный тестовый уровень. При появлении элемента внешний арт должен примениться.,[ ]
108,cosmorocket_horizontal_yellow,Большие спецтайлы,big_special/cosmorocket_horizontal_yellow,—,Нет в уровнях 1–600,—,big_special/cosmorocket_horizontal_yellow/main.png,В уровнях 1–600 элемент не используется. Для проверки нужен отдельный тестовый уровень. При появлении элемента внешний арт должен примениться.,[ ]
109,cosmorocket_horizontal_yellow_reversed,Большие спецтайлы,big_special/cosmorocket_horizontal_yellow_reversed,—,Нет в уровнях 1–600,—,big_special/cosmorocket_horizontal_yellow_reversed/main.png,В уровнях 1–600 элемент не используется. Для проверки нужен отдельный тестовый уровень. При появлении элемента внешний арт должен примениться.,[ ]
110,cosmorocket_purple,Большие спецтайлы,big_special/cosmorocket_purple,—,Нет в уровнях 1–600,—,big_special/cosmorocket_purple/main.png,В уровнях 1–600 элемент не используется. Для проверки нужен отдельный тестовый уровень. При появлении элемента внешний арт должен примениться.,[ ]
111,cosmorocket_red,Большие спецтайлы,big_special/cosmorocket_red,—,Нет в уровнях 1–600,—,big_special/cosmorocket_red/main.png,В уровнях 1–600 элемент не используется. Для проверки нужен отдельный тестовый уровень. При появлении элемента внешний арт должен примениться.,[ ]
112,cosmorocket_yellow,Большие спецтайлы,big_special/cosmorocket_yellow,—,Нет в уровнях 1–600,—,big_special/cosmorocket_yellow/main.png,В уровнях 1–600 элемент не используется. Для проверки нужен отдельный тестовый уровень. При появлении элемента внешний арт должен примениться.,[ ]
113,duck_tier,Большие спецтайлы,big_special/duck_tier,—,Нет в уровнях 1–600,—,big_special/duck_tier/duck_tier.png; big_special/duck_tier/front.png; big_special/duck_tier/goal.png; big_special/duck_tier/sea.png; big_special/duck_tier/sea_001.png,В уровнях 1–600 элемент не используется. Для проверки нужен отдельный тестовый уровень. При появлении элемента внешний арт должен примениться.,[ ]
114,fusion_bomb,Большие спецтайлы,big_special/fusion_bomb,—,Нет в уровнях 1–600,—,big_special/fusion_bomb/back_001.png; big_special/fusion_bomb/body.png; big_special/fusion_bomb/hps_blue_sprite_splash.png; big_special/fusion_bomb/hps_blue_sprite_splash_001.png; big_special/fusion_bomb/hps_green_sprite_splash.png; big_special/fusion_bomb/hps_green_sprite_splash_001.png; big_special/fusion_bomb/hps_red_sprite_splash.png; big_special/fusion_bomb/hps_red_sprite_splash_001.png; big_special/fusion_bomb/hps_yellow_sprite_splash.png; big_special/fusion_bomb/hps_yellow_sprite_splash_001.png,В уровнях 1–600 элемент не используется. Для проверки нужен отдельный тестовый уровень. При появлении элемента внешний арт должен примениться.,[ ]
115,jars,Большие спецтайлы,big_special/jars,101,"101, 102, 103, 104, 105, 108, 109, 113, 114, 115, 119, 121, 127, 128, 129, 139, 141, 152, 159, 174, 183, 184, 196, 199, 204, 214, 215, 232, 233, 262, 263, 283, 287, 288, 301, 302, 328, 329, 345, 346, 348, 361, 362, 385, 386, 402, 403, 405, 425, 433, 434, 445, 446, 458, 459, 486, 487, 505, 515, 516, 536, 543, 544, 550, 568, 569, 582, 583, 586",4,big_special/jars/back.png; big_special/jars/sprite_splash.png,"На уровне 101 должны подменяться указанные визуальные слоты. Если какого-то PNG нет, для него должен остаться штатный арт.",[ ]
116,lemonade,Большие спецтайлы,big_special/lemonade,206,"206, 207, 208, 209, 210, 215, 216, 224, 225, 226, 241, 242, 243, 255, 256, 268, 273, 274, 285, 303, 304, 311, 312, 330, 341, 342, 353, 354, 363, 370, 371, 389, 390, 396, 404, 405, 413, 422, 427, 428, 444, 445, 450, 453, 477, 478, 489, 498, 499, 506, 587",3,big_special/lemonade/back.png; big_special/lemonade/color_blue_sprite_splash_001.png; big_special/lemonade/color_green_sprite_splash.png; big_special/lemonade/color_purple_sprite_splash_001.png; big_special/lemonade/color_red_sprite_splash.png; big_special/lemonade/color_yellow_sprite_splash.png,"На уровне 206 должны подменяться указанные визуальные слоты. Если какого-то PNG нет, для него должен остаться штатный арт.",[ ]
117,soda_blue,Большие спецтайлы,big_special/soda_blue,523,"523, 524, 525, 527, 536, 548, 561, 572, 573, 592",3,big_special/soda_blue/back.png; big_special/soda_blue/color_blue_001_sprite_splash.png,"На уровне 523 должны подменяться указанные визуальные слоты. Если какого-то PNG нет, для него должен остаться штатный арт.",[ ]
118,soda_green,Большие спецтайлы,big_special/soda_green,524,"524, 525, 526, 536, 537, 548, 561, 572, 593",1,big_special/soda_green/back.png; big_special/soda_green/color_blue_001_sprite_splash.png,"На уровне 524 должны подменяться указанные визуальные слоты. Если какого-то PNG нет, для него должен остаться штатный арт.",[ ]
119,soda_purple,Большие спецтайлы,big_special/soda_purple,559,559,4,big_special/soda_purple/back.png; big_special/soda_purple/color_blue_001_sprite_splash.png,"На уровне 559 должны подменяться указанные визуальные слоты. Если какого-то PNG нет, для него должен остаться штатный арт.",[ ]
120,soda_red,Большие спецтайлы,big_special/soda_red,523,"523, 524, 525, 526, 527, 536, 537, 547, 548, 561, 572, 593",3,big_special/soda_red/back.png; big_special/soda_red/color_blue_001_sprite_splash.png,"На уровне 523 должны подменяться указанные визуальные слоты. Если какого-то PNG нет, для него должен остаться штатный арт.",[ ]
121,soda_yellow,Большие спецтайлы,big_special/soda_yellow,522,"522, 524, 525, 536, 537, 548, 559, 561, 572, 573",4,big_special/soda_yellow/back.png; big_special/soda_yellow/color_blue_001_sprite_splash.png,"На уровне 522 должны подменяться указанные визуальные слоты. Если какого-то PNG нет, для него должен остаться штатный арт.",[ ]
122,washing_machine,Большие спецтайлы,big_special/washing_machine,—,Нет в уровнях 1–600,—,big_special/washing_machine/hp1.png; big_special/washing_machine/hp2.png; big_special/washing_machine/hp3.png; big_special/washing_machine/hp4.png; big_special/washing_machine/hp5.png,В уровнях 1–600 элемент не используется. Для проверки нужен отдельный тестовый уровень. При появлении элемента внешний арт должен примениться.,[ ]
123,blossom_bushes,Статусы,statuses/blossom_bushes,—,Нет в уровнях 1–600,—,statuses/blossom_bushes/main.png,В уровнях 1–600 элемент не используется. Для проверки нужен отдельный тестовый уровень. При появлении элемента внешний арт должен примениться.,[ ]
124,bubble,Статусы,statuses/bubble,10,"10, 11, 12, 13, 14, 15, 19, 23, 25, 26, 31, 32, 33, 36, 41, 44, 45, 46, 51, 53, 55, 57, 62, 63, 66, 68, 72, 75, 76, 78, 84, 85, 87, 89, 93, 95, 96, 99, 104, 106, 108, 110, 114, 117, 119, 121, 125, 127, 132, 133, 138, 142, 148, 150, 153, 155, 158, 162, 163, 167, 169, 170, 173, 175, 179, 181, 183, 188, 190, 194, 196, 199, 202, 204, 209, 213, 217, 219, 223, 225, 226, 229, 231, 233, 236, 239, 243, 244, 247, 251, 256, 258, 262, 263, 265, 267, 268, 270, 272, 274, 276, 278, 284, 286, 289, 293, 296, 303, 307, 309, 310, 312, 314, 318, 321, 323, 325, 326, 331, 343, 344, 347, 354, 356, 358, 361, 366, 373, 375, 379, 386, 387, 388, 394, 398, 401, 404, 409, 415, 419, 428, 429, 434, 436, 439, 443, 447, 449, 455, 459, 462, 466, 468, 472, 476, 478, 485, 487, 491, 495, 497, 504, 507, 510, 517, 521, 525, 531, 533, 535, 542, 544, 554, 555, 558, 563, 565, 566, 576, 581, 583, 585, 595",25,statuses/bubble/main.png,На уровне 10 статус 'bubble' должен получить внешний арт. Игровая логика статуса должна остаться штатной.,[ ]
125,bushes,Статусы,statuses/bushes,—,Нет в уровнях 1–600,—,statuses/bushes/main.png,В уровнях 1–600 элемент не используется. Для проверки нужен отдельный тестовый уровень. При появлении элемента внешний арт должен примениться.,[ ]
126,chains,Статусы,statuses/chains,—,Нет в уровнях 1–600,—,statuses/chains/main.png,В уровнях 1–600 элемент не используется. Для проверки нужен отдельный тестовый уровень. При появлении элемента внешний арт должен примениться.,[ ]
127,dynamite,Статусы,statuses/dynamite,—,Нет в уровнях 1–600,—,statuses/dynamite/icon.png; statuses/dynamite/icon_2.png; statuses/dynamite/icon_3.png; statuses/dynamite/icon_4.png; statuses/dynamite/icon_5.png; statuses/dynamite/icon_6.png; statuses/dynamite/wallpart_003.png,В уровнях 1–600 элемент не используется. Для проверки нужен отдельный тестовый уровень. При появлении элемента внешний арт должен примениться.,[ ]
128,dynamite_1,Статусы,statuses/dynamite_1,—,Нет в уровнях 1–600,—,statuses/dynamite_1/icon.png; statuses/dynamite_1/icon_2.png; statuses/dynamite_1/icon_3.png; statuses/dynamite_1/icon_4.png; statuses/dynamite_1/icon_5.png; statuses/dynamite_1/icon_6.png; statuses/dynamite_1/wallpart_003.png,В уровнях 1–600 элемент не используется. Для проверки нужен отдельный тестовый уровень. При появлении элемента внешний арт должен примениться.,[ ]
129,dynamite_2,Статусы,statuses/dynamite_2,—,Нет в уровнях 1–600,—,statuses/dynamite_2/icon.png; statuses/dynamite_2/icon_2.png; statuses/dynamite_2/icon_3.png; statuses/dynamite_2/icon_4.png; statuses/dynamite_2/icon_5.png; statuses/dynamite_2/icon_6.png; statuses/dynamite_2/wallpart_003.png,В уровнях 1–600 элемент не используется. Для проверки нужен отдельный тестовый уровень. При появлении элемента внешний арт должен примениться.,[ ]
130,dynamite_3,Статусы,statuses/dynamite_3,—,Нет в уровнях 1–600,—,statuses/dynamite_3/icon.png; statuses/dynamite_3/icon_2.png; statuses/dynamite_3/icon_3.png; statuses/dynamite_3/icon_4.png; statuses/dynamite_3/icon_5.png; statuses/dynamite_3/icon_6.png; statuses/dynamite_3/wallpart_003.png,В уровнях 1–600 элемент не используется. Для проверки нужен отдельный тестовый уровень. При появлении элемента внешний арт должен примениться.,[ ]
131,dynamite_4,Статусы,statuses/dynamite_4,—,Нет в уровнях 1–600,—,statuses/dynamite_4/icon.png; statuses/dynamite_4/icon_2.png; statuses/dynamite_4/icon_3.png; statuses/dynamite_4/icon_4.png; statuses/dynamite_4/icon_5.png; statuses/dynamite_4/icon_6.png; statuses/dynamite_4/wallpart_003.png,В уровнях 1–600 элемент не используется. Для проверки нужен отдельный тестовый уровень. При появлении элемента внешний арт должен примениться.,[ ]
132,jail,Статусы,statuses/jail,40,"40, 143, 144, 145, 146, 147, 148, 149, 150, 154, 155, 156, 161, 162, 163, 169, 171, 175, 176, 177, 179, 190, 192, 197, 204, 212, 223, 231, 236, 237, 244, 254, 264, 276, 279, 306, 310, 324, 338, 343, 347, 355, 377, 395, 398, 406, 436, 448, 466, 485, 497, 510, 530, 546, 558, 582, 591, 593",7,statuses/jail/main.png,На уровне 40 статус 'jail' должен получить внешний арт. Игровая логика статуса должна остаться штатной.,[ ]
133,tutorial_finger,Статусы,statuses/tutorial_finger,—,Нет в уровнях 1–600,—,statuses/tutorial_finger/main.png,В уровнях 1–600 элемент не используется. Для проверки нужен отдельный тестовый уровень. При появлении элемента внешний арт должен примениться.,[ ]
134,wall,Статусы,statuses/wall,—,Нет в уровнях 1–600,—,statuses/wall/main.png,В уровнях 1–600 элемент не используется. Для проверки нужен отдельный тестовый уровень. При появлении элемента внешний арт должен примениться.,[ ]
135,wall_1,Статусы,statuses/wall_1,—,Нет в уровнях 1–600,—,statuses/wall_1/main.png,В уровнях 1–600 элемент не используется. Для проверки нужен отдельный тестовый уровень. При появлении элемента внешний арт должен примениться.,[ ]
136,wall_2,Статусы,statuses/wall_2,—,Нет в уровнях 1–600,—,statuses/wall_2/main.png,В уровнях 1–600 элемент не используется. Для проверки нужен отдельный тестовый уровень. При появлении элемента внешний арт должен примениться.,[ ]
137,wall_3,Статусы,statuses/wall_3,—,Нет в уровнях 1–600,—,statuses/wall_3/main.png,В уровнях 1–600 элемент не используется. Для проверки нужен отдельный тестовый уровень. При появлении элемента внешний арт должен примениться.,[ ]
138,wall_4,Статусы,statuses/wall_4,—,Нет в уровнях 1–600,—,statuses/wall_4/main.png,В уровнях 1–600 элемент не используется. Для проверки нужен отдельный тестовый уровень. При появлении элемента внешний арт должен примениться.,[ ]
139,bomb,Бонусы,bonus/bomb,79,"79, 108, 164, 290, 340, 580",2,bonus/bomb/main.png,Бонус 'bomb' должен получить внешний арт. Игровая механика бонуса должна остаться штатной.,[ ]
140,multi,Бонусы,bonus/multi,60,"60, 360, 520, 560, 590",4,bonus/multi/icon.png; bonus/multi/icon_10.png; bonus/multi/icon_11.png; bonus/multi/icon_12.png; bonus/multi/icon_13.png; bonus/multi/icon_14.png; bonus/multi/icon_15.png; bonus/multi/icon_16.png; bonus/multi/icon_17.png; bonus/multi/icon_18.png; bonus/multi/icon_19.png; bonus/multi/icon_2.png; bonus/multi/icon_20.png; bonus/multi/icon_21.png; bonus/multi/icon_22.png; bonus/multi/icon_23.png; bonus/multi/icon_24.png; bonus/multi/icon_25.png; bonus/multi/icon_26.png; bonus/multi/icon_27.png; bonus/multi/icon_28.png; bonus/multi/icon_29.png; bonus/multi/icon_3.png; bonus/multi/icon_30.png; bonus/multi/icon_31.png; bonus/multi/icon_32.png; bonus/multi/icon_33.png; bonus/multi/icon_34.png; bonus/multi/icon_35.png; bonus/multi/icon_36.png; bonus/multi/icon_4.png; bonus/multi/icon_5.png; bonus/multi/icon_6.png; bonus/multi/icon_7.png; bonus/multi/icon_8.png; bonus/multi/icon_9.png; bonus/multi/multi.png; bonus/multi/sprite_splash.png; bonus/multi/super.png,Бонус 'multi' должен получить внешний арт. Игровая механика бонуса должна остаться штатной.,[ ]
141,rocket_horizontal,Бонусы,bonus/rocket_horizontal,40,"40, 79, 200, 290, 400",2,bonus/rocket_horizontal/rocket_horizontal.png; bonus/rocket_horizontal/rocket_vertical.png; bonus/rocket_horizontal/sprite_splash.png,Соответствующая ориентация Rocket должна получить внешний арт. Механика ракеты должна остаться штатной.,[ ]
142,rocket_vertical,Бонусы,bonus/rocket_vertical,40,"40, 164, 200, 400, 500",7,bonus/rocket_vertical/rocket_horizontal.png; bonus/rocket_vertical/rocket_vertical.png; bonus/rocket_vertical/sprite_splash.png,Соответствующая ориентация Rocket должна получить внешний арт. Механика ракеты должна остаться штатной.,[ ]
143,super,Бонусы,bonus/super,60,"60, 360, 520, 560, 590",4,bonus/super/icon.png; bonus/super/icon_10.png; bonus/super/icon_11.png; bonus/super/icon_12.png; bonus/super/icon_13.png; bonus/super/icon_14.png; bonus/super/icon_15.png; bonus/super/icon_16.png; bonus/super/icon_17.png; bonus/super/icon_18.png; bonus/super/icon_19.png; bonus/super/icon_2.png; bonus/super/icon_20.png; bonus/super/icon_21.png; bonus/super/icon_22.png; bonus/super/icon_23.png; bonus/super/icon_24.png; bonus/super/icon_25.png; bonus/super/icon_26.png; bonus/super/icon_27.png; bonus/super/icon_28.png; bonus/super/icon_29.png; bonus/super/icon_3.png; bonus/super/icon_30.png; bonus/super/icon_31.png; bonus/super/icon_32.png; bonus/super/icon_33.png; bonus/super/icon_34.png; bonus/super/icon_35.png; bonus/super/icon_36.png; bonus/super/icon_4.png; bonus/super/icon_5.png; bonus/super/icon_6.png; bonus/super/icon_7.png; bonus/super/icon_8.png; bonus/super/icon_9.png; bonus/super/multi.png; bonus/super/sprite_splash.png; bonus/super/super.png,Super Discoball должен получить внешний арт. Его игровая механика должна остаться штатной.,[ ]
